{
  "labels": ["A", "B", "C"],
  "nodes": [
    {
      "index": 0,
      "label": "A",
      "on": 0,
      "mechanism": "OR",
      "reflexive": false,
      "selected": false,
      "threshold": 2,
      "weight": 2,
      "x": 564.4466826143965,
      "y": 253.73393110135956,
      "px": 564.0346984736747,
      "py": 253.71841965592785
    },
    {
      "index": 1,
      "label": "B",
      "on": 0,
      "mechanism": "AND",
      "reflexive": false,
      "selected": false,
      "threshold": 2,
      "weight": 2,
      "x": 412.03115498924313,
      "y": 334.2340284354861,
      "px": 412.2504423942272,
      "py": 333.8847349718299
    },
    {
      "index": 2,
      "label": "C",
      "on": 0,
      "mechanism": "XOR",
      "reflexive": false,
      "selected": false,
      "threshold": 2,
      "weight": 2,
      "x": 418.522162396361,
      "y": 162.0320404631538,
      "px": 418.7148591320984,
      "py": 162.3968453722416
    }
  ],
  "tpm": [
    [0, 0, 0],
    [0, 0, 1],
    [1, 0, 1],
    [1, 0, 0],
    [1, 0, 0],
    [1, 1, 1],
    [1, 0, 1],
    [1, 1, 0]
  ],
  "cm": [
    [0, 1, 1],
    [1, 0, 1],
    [1, 1, 0]
  ],
  "state": [1, 0, 0],
  "version": "1.0.6"
}
