{
  "labels": ["A", "B", "C"],
  "nodes": [
    {
      "index": 0,
      "label": "A",
      "on": 0,
      "mechanism": "XOR",
      "reflexive": true,
      "selected": false,
      "threshold": 2,
      "weight": 1,
      "x": 270.4705928213102,
      "y": 193.49065152229767,
      "px": 270.4705928213102,
      "py": 193.49065152229767,
      "fixed": 1
    },
    {
      "index": 1,
      "label": "B",
      "on": 0,
      "mechanism": "AND",
      "reflexive": false,
      "selected": false,
      "threshold": 2,
      "weight": 2,
      "x": 466.7846849676157,
      "y": 198.98312495487357,
      "px": 466.7846849676157,
      "py": 198.98312495487357,
      "fixed": 1
    },
    {
      "index": 2,
      "label": "C",
      "on": 1,
      "mechanism": "XOR",
      "reflexive": true,
      "selected": false,
      "threshold": 2,
      "weight": 1,
      "x": 659.831307303069,
      "y": 199.29356995979748,
      "px": 659.831307303069,
      "py": 199.29356995979748,
      "fixed": 1
    }
  ],
  "tpm": [
    [0, 0, 0],
    [1, 0, 0],
    [1, 0, 1],
    [0, 0, 1],
    [0, 0, 1],
    [1, 1, 1],
    [1, 0, 0],
    [0, 1, 0]
  ],
  "cm": [
    [1, 1, 0],
    [1, 0, 1],
    [0, 1, 1]
  ],
  "state": [0, 0, 1],
  "version": "1.0.6"
}
