{
  "labels": ["A", "B", "C", "D"],
  "nodes": [
    {
      "index": 0,
      "label": "A",
      "on": 0,
      "mechanism": "OR",
      "reflexive": false,
      "selected": false,
      "threshold": 2,
      "weight": 3,
      "x": 552.1834191020007,
      "y": 297.63790628220926,
      "px": 551.6190697461827,
      "py": 297.31587945064234
    },
    {
      "index": 1,
      "label": "B",
      "on": 0,
      "mechanism": "AND",
      "reflexive": false,
      "selected": false,
      "threshold": 2,
      "weight": 2,
      "x": 395.4321356730298,
      "y": 370.5479434861786,
      "px": 395.78800689775426,
      "py": 369.95655654560153
    },
    {
      "index": 2,
      "label": "C",
      "on": 0,
      "mechanism": "XOR",
      "reflexive": false,
      "selected": false,
      "threshold": 2,
      "weight": 2,
      "x": 399.0827756900826,
      "y": 201.25854441773686,
      "px": 399.6123299456108,
      "py": 201.51404842980182
    },
    {
      "index": 3,
      "label": "D",
      "on": 1,
      "mechanism": "OR",
      "reflexive": true,
      "selected": false,
      "threshold": 2,
      "x": 516.3668191454757,
      "y": 129.05460624696207,
      "weight": 1,
      "px": 516.032246670039,
      "py": 129.6896969939212
    }
  ],
  "tpm": [
    [0, 0, 0, 0],
    [0, 0, 1, 0],
    [1, 0, 1, 0],
    [1, 0, 0, 0],
    [1, 0, 0, 0],
    [1, 1, 1, 0],
    [1, 0, 1, 0],
    [1, 1, 0, 0],
    [1, 0, 0, 1],
    [1, 0, 1, 1],
    [1, 0, 1, 1],
    [1, 0, 0, 1],
    [1, 0, 0, 1],
    [1, 1, 1, 1],
    [1, 0, 1, 1],
    [1, 1, 0, 1]
  ],
  "cm": [
    [0, 1, 1, 0],
    [1, 0, 1, 0],
    [1, 1, 0, 0],
    [1, 0, 0, 1]
  ],
  "state": [1, 0, 0, 0],
  "version": "1.0.6"
}
