{
  "labels": ["A", "B", "C", "D"],
  "nodes": [
    {
      "index": 0,
      "label": "A",
      "on": 0,
      "mechanism": "OR",
      "reflexive": false,
      "selected": false,
      "threshold": 2,
      "weight": 3,
      "x": 270.4705928213102,
      "y": 193.49065152229767,
      "px": 270.4705928213102,
      "py": 193.49065152229767,
      "fixed": 1
    },
    {
      "index": 1,
      "label": "B",
      "on": 1,
      "mechanism": "XOR",
      "reflexive": false,
      "selected": false,
      "threshold": 2,
      "weight": 2,
      "x": 466.7846849676157,
      "y": 198.98312495487357,
      "px": 466.7846849676157,
      "py": 198.98312495487357,
      "fixed": 1
    },
    {
      "index": 2,
      "label": "C",
      "on": 1,
      "mechanism": "OR",
      "reflexive": false,
      "selected": false,
      "threshold": 2,
      "weight": 3,
      "x": 464.831307303069,
      "y": 348.2935699597975,
      "px": 464.831307303069,
      "py": 348.2935699597975,
      "fixed": 1
    },
    {
      "index": 3,
      "label": "D",
      "on": 1,
      "mechanism": "XOR",
      "reflexive": false,
      "selected": false,
      "threshold": 2,
      "x": 259.80690511701596,
      "y": 344.8906782925988,
      "weight": 2,
      "px": 259.80690511701596,
      "py": 344.8906782925988,
      "fixed": 1
    }
  ],
  "tpm": [
    [0, 0, 0, 0],
    [0, 1, 1, 1],
    [1, 0, 1, 0],
    [1, 1, 1, 1],
    [1, 1, 0, 1],
    [1, 0, 1, 0],
    [1, 1, 1, 1],
    [1, 0, 1, 0],
    [1, 0, 1, 0],
    [1, 1, 1, 1],
    [1, 0, 1, 0],
    [1, 1, 1, 1],
    [1, 1, 1, 1],
    [1, 0, 1, 0],
    [1, 1, 1, 1],
    [1, 0, 1, 0]
  ],
  "cm": [
    [0, 1, 1, 1],
    [1, 0, 1, 0],
    [1, 1, 0, 1],
    [1, 0, 1, 0]
  ],
  "state": [0, 1, 1, 1],
  "version": "1.0.6"
}
